Work Order ID,Type,Due Date
TEST2-1,type3,01/04/2025
TEST2-2,type3,01/04/2025
TEST2-3,type3,01/04/2025
TEST2-4,type3,01/04/2025
TEST2-5,type3,01/04/2025
TEST2-6,type3,02/04/2025
TEST2-7,type3,02/04/2025
TEST2-8,type3,02/04/2025
TEST2-9,type3,02/04/2025
TEST2-10,type3,02/04/2025
TEST2-11,type2,02/04/2025
TEST2-12,type1,02/04/2025
TEST2-13,type2,02/04/2025
TEST2-14,type3,02/04/2025
TEST2-15,type3,02/04/2025
TEST2-16,type3,04/04/2025
TEST2-17,type3,04/04/2025
TEST2-18,type3,04/04/2025
TEST2-19,type3,04/04/2025
TEST2-20,type3,04/04/2025
TEST2-21,type3,04/04/2025
TEST2-22,type3,04/04/2025
TEST2-23,type3,04/04/2025
TEST2-24,type3,04/04/2025
TEST2-25,type3,04/04/2025
TEST2-26,type3,04/04/2025
TEST2-27,type3,04/04/2025
TEST2-28,type3,04/04/2025
TEST2-29,type3,04/04/2025
TEST2-30,type3,04/04/2025
TEST2-31,type3,12/04/2025
TEST2-32,type3,12/04/2025
TEST2-33,type3,12/04/2025
TEST2-34,type3,12/04/2025
TEST2-35,type3,12/04/2025
TEST2-36,type3,12/04/2025
TEST2-37,type3,12/04/2025
TEST2-38,type3,12/04/2025
TEST2-39,type3,22/04/2025
TEST2-40,type3,22/04/2025
TEST2-41,type3,22/04/2025
TEST2-42,type3,22/04/2025
TEST2-43,type3,22/04/2025
TEST2-44,type3,22/04/2025